"group","group_ko","order","emoji","unicode","name_ko","keywords_ko","source_category"
"faith_reflection","신앙과 묵상","1","🙏","1F64F","두 손 모아 기도하는 사람","기도, 합장, 기도하는 사람, 두 손 모아 기도하는 사람","smileys_people"
"faith_reflection","신앙과 묵상","2","📖","1F4D6","펼쳐진 책","책, 펼쳐진 책","objects"
"faith_reflection","신앙과 묵상","3","⛪","26EA","크리스찬","교회, 건물, 빌딩, 크리스찬","travel_places"
"faith_reflection","신앙과 묵상","4","✝️","271D-FE0F","라틴 십자가","종교, 기독교, 십자가, 라틴 십자가","symbols"
"faith_reflection","신앙과 묵상","5","🕊️","1F54A-FE0F","비둘기","새, 평화, 비둘기","animals_nature"
"faith_reflection","신앙과 묵상","6","🕯️","1F56F-FE0F","캔들","양초, 캔들","objects"
"faith_reflection","신앙과 묵상","7","📝","1F4DD","메모지","메모, 메모장, 메모지","objects"
"faith_reflection","신앙과 묵상","8","🤍","1F90D","흰색 하트","하트, 흰색, 흰색 하트","smileys_people"
"faith_reflection","신앙과 묵상","9","💛","1F49B","노란색 하트","사랑, 하트, 노란 하트, 노란색 하트","smileys_people"
"faith_reflection","신앙과 묵상","10","💖","1F496","기쁨으로 가득찬 마음","사랑, 설렘, 두근거림, 빛나는 하트, 사랑의 기쁨, 기쁨으로 가득찬 마음","smileys_people"
"faith_reflection","신앙과 묵상","11","📿","1F4FF","예배","묵주, 기도, 예배","objects"
"faith_reflection","신앙과 묵상","12","🤲","1F932","내민 두 손","기도, 내민 두 손","smileys_people"
"faith_reflection","신앙과 묵상","13","🫰","1FAF0","엄지와 중지를 교차한 손","돈, 딱딱, 사랑, 하트, 너무 비싼, 엄지와 중지를 교차한 손","smileys_people"
"faith_reflection","신앙과 묵상","14","🫶","1FAF6","손 하트","사랑, 손 하트","smileys_people"
"faith_reflection","신앙과 묵상","15","⛑️","26D1-FE0F","흰 십자가가 있는 헬멧","도움, 모자, 헬멧, 안전요원, 흰 십자가가 있는 헬멧","objects"
"faith_reflection","신앙과 묵상","16","☦️","2626-FE0F","전통적인 십자가","종교, 기독교, 십자가, 전통적인 십자가","symbols"
"faith_reflection","신앙과 묵상","17","🛐","1F6D0","예배공간","기도, 사원, 예배, 예배공간","symbols"
"faith_reflection","신앙과 묵상","18","☮️","262E-FE0F","평화 기호","평화, 평화 기호","symbols"
"faith_reflection","신앙과 묵상","19","🩵","1FA75","밝은 파란색 하트","푸른, 하트, 청록색, 밝은 파란색, 밝은 파란색 하트","smileys_people"
"faith_reflection","신앙과 묵상","20","🥰","1F970","하트와 함께 웃는 얼굴","반한, 사랑하는, 사랑에 빠진, 하트와 함께 웃는 얼굴","smileys_people"
"faith_reflection","신앙과 묵상","21","😍","1F60D","하트 뿅뿅 얼굴","사랑, 얼굴, 하트, 하트 눈 얼굴, 하트 뿅뿅 얼굴","smileys_people"
"faith_reflection","신앙과 묵상","22","😻","1F63B","하트 눈 고양이 얼굴","고양이, 사랑에 빠진 고양이, 하트 눈 고양이 얼굴","smileys_people"
"faith_reflection","신앙과 묵상","23","💌","1F48C","연애 편지","러브레터, 사랑 고백, 연애 편지","smileys_people"
"faith_reflection","신앙과 묵상","24","💕","1F495","하트 두 개","사랑, 연인, 하트 두 개","smileys_people"
"faith_reflection","신앙과 묵상","25","🩷","1FA77","분홍색 하트","하트, 귀여움, 분홍색, 사랑해, 좋아해, 분홍색 하트","smileys_people"
"faith_reflection","신앙과 묵상","26","💑","1F491","연애 중","연인, 사랑, 연애, 연애 중","smileys_people"
"faith_reflection","신앙과 묵상","27","👼","1F47C","아기 천사","천사, 아기 천사","smileys_people"
"faith_reflection","신앙과 묵상","28","✨","2728","반짝반짝","블링블링, 반짝거림, 반짝반짝","activities"
"faith_reflection","신앙과 묵상","29","📔","1F4D4","표지가 있는 노트","공책, 노트, 표지가 있는 노트","objects"
"faith_reflection","신앙과 묵상","30","📕","1F4D5","펼치지 않은 책","책, 도서, 펼치지 않은 책","objects"
"work_study","업무와 배움","1","💼","1F4BC","서류 가방","가방, 서류 가방","objects"
"work_study","업무와 배움","2","💻","1F4BB","노트북","pc, 랩탑, 노트북","objects"
"work_study","업무와 배움","3","📚","1F4DA","책 여러 권","책, 책 여러 권","objects"
"work_study","업무와 배움","4","📓","1F4D3","노트","공책, 노트","objects"
"work_study","업무와 배움","5","✏️","270F-FE0F","필기도구","연필, 필기도구","objects"
"work_study","업무와 배움","6","📅","1F4C5","캘린더","달력, 일정, 캘린더","objects"
"work_study","업무와 배움","7","🎯","1F3AF","과녁 명중","과녁, 명중, 양궁, 화살, 과녁 명중","activities"
"work_study","업무와 배움","8","💡","1F4A1","기발한 생각","전구, 아하, 아이디어, 기발한 생각","objects"
"work_study","업무와 배움","9","📊","1F4CA","막대 그래프","그래프, 막대그래프, 막대 그래프","objects"
"work_study","업무와 배움","10","📂","1F4C2","열린 폴더","열기, 파일, 폴더, 폴더 열기, 열린 폴더","objects"
"work_study","업무와 배움","11","🛜","1F6DC","네트워크","무선, 인터넷, 컴퓨터, 네트워크","symbols"
"work_study","업무와 배움","12","⌨️","2328-FE0F","키보드","키보드","objects"
"work_study","업무와 배움","13","🖥️","1F5A5-FE0F","데스크톱 컴퓨터","컴퓨터, 데스크톱, 데스크톱 컴퓨터","objects"
"work_study","업무와 배움","14","🖱️","1F5B1-FE0F","컴퓨터 마우스","마우스, 컴퓨터, 컴퓨터 마우스","objects"
"work_study","업무와 배움","15","🖲️","1F5B2-FE0F","컴퓨터","트랙볼, 마우스, 컴퓨터","objects"
"work_study","업무와 배움","16","📗","1F4D7","초록색 책","책, 녹색 책, 초록색 책","objects"
"work_study","업무와 배움","17","📘","1F4D8","파란색 책","책, 파란 책, 파란색 책","objects"
"work_study","업무와 배움","18","📙","1F4D9","오렌지색 책","책, 주황색 책, 오렌지색 책","objects"
"work_study","업무와 배움","19","📒","1F4D2","원장","노트, 공책, 원장","objects"
"work_study","업무와 배움","20","🔖","1F516","책갈피","마크, 표시, 북마크, 책갈피","objects"
"work_study","업무와 배움","21","📆","1F4C6","뜯어진 달력","달력, 일정, 캘린더, 뜯어진 달력","objects"
"work_study","업무와 배움","22","🗓️","1F5D3-FE0F","벽걸이 달력","달력, 스프링 달력, 벽걸이 달력","objects"
"work_study","업무와 배움","23","📁","1F4C1","파일","폴더, 파일","objects"
"work_study","업무와 배움","24","🎹","1F3B9","피아노","건반, 악기, 연주, 음악, 피아노","objects"
"work_study","업무와 배움","25","🖨️","1F5A8-FE0F","인쇄기","프린터, 인쇄기","objects"
"work_study","업무와 배움","26","💽","1F4BD","미니 디스크","엠디, md, 디스크, 미니 디스크","objects"
"work_study","업무와 배움","27","💾","1F4BE","플로피 디스크","디스켓, 플로피 디스크","objects"
"work_study","업무와 배움","28","💿","1F4BF","광학 디스크","씨디, cd, dvd, 디비디, 블루레이, 광학 디스크","objects"
"work_study","업무와 배움","29","📀","1F4C0","dvd","디비디, dvd","objects"
"work_study","업무와 배움","30","✍️","270D-FE0F","글을 쓰고 있는 손","손, 연필 쥔 손, 글을 쓰고 있는 손","smileys_people"
"work_study","업무와 배움","31","📑","1F4D1","북마크 탭","마커, 포스트잇, 북마크 탭","objects"
"work_study","업무와 배움","32","🧾","1F9FE","영수증","기록, 증빙, 회계, 영수증","objects"
"work_study","업무와 배움","33","✒️","2712-FE0F","검은색 펜촉","펜, 펜촉, 검은색 펜촉","objects"
"work_study","업무와 배움","34","🖊️","1F58A-FE0F","볼펜","펜, 볼펜","objects"
"work_study","업무와 배움","35","🔓","1F513","열린 자물쇠","락, 자물쇠, 잠금풀림, 열린 자물쇠","objects"
"work_study","업무와 배움","36","🔏","1F50F","자물쇠와 펜","펜, 사생활, 자물쇠, 프라이버시, 자물쇠와 펜","objects"
"work_study","업무와 배움","37","🪚","1FA9A","목공 톱","톱, 도구, 목수, 목재, 목공 톱","objects"
"work_study","업무와 배움","38","🪟","1FA9F","맑은 공기","창문, 전망, 창틀, 투명한, 맑은 공기","objects"
"work_study","업무와 배움","39","🎒","1F392","학생 가방","가방, 학교 가방, 학생 가방","objects"
"work_study","업무와 배움","40","🏫","1F3EB","스쿨","학교, 건물, 공부, 빌딩, 스쿨","travel_places"
"work_study","업무와 배움","41","💹","1F4B9","엔화 관련 상승하는 그래프","호황, 시장 호황, 엔화 관련 상승하는 그래프","objects"
"work_study","업무와 배움","42","📈","1F4C8","상승하는 그래프","상향, 호황, 그래프, 상승하는 그래프","objects"
"work_study","업무와 배움","43","📉","1F4C9","내려가는 그래프","불황, 하향, 그래프, 내려가는 그래프","objects"
"work_study","업무와 배움","44","📣","1F4E3","메가폰","응원, 메가폰","objects"
"work_study","업무와 배움","45","🎙️","1F399-FE0F","스튜디오 마이크","마이크, 사회자 마이크, 스튜디오 마이크","objects"
"health_exercise","건강과 운동","1","🏃","1F3C3","뛰는 사람","뛰기, 런닝, 달리기, 마라톤, 뛰는 사람","smileys_people"
"health_exercise","건강과 운동","2","🚶","1F6B6","걷는 사람","보행자, 보행자용, 걷는 사람","smileys_people"
"health_exercise","건강과 운동","3","🧘","1F9D8","가부좌한 사람","요가, 가부좌, 가부좌한 사람","smileys_people"
"health_exercise","건강과 운동","4","🏋️","1F3CB-FE0F","역도 선수","역도, 역도선수, 역도 선수","smileys_people"
"health_exercise","건강과 운동","5","🚴","1F6B4","자전거 타는 사람","자전거 주행, 자전거 타는 사람","smileys_people"
"health_exercise","건강과 운동","6","🏊","1F3CA","수영하는 사람","운동, 수영장, 스포츠, 수영 선수, 수영하는 사람","smileys_people"
"health_exercise","건강과 운동","7","🥾","1F97E","하이킹","등산, 부츠, 캠핑, 등산화, 하이킹","objects"
"health_exercise","건강과 운동","8","💪","1F4AA","이두박근","힘, 알통, 강함, 근육, 이두박근","smileys_people"
"health_exercise","건강과 운동","9","😴","1F634","자고 있는 얼굴","얼굴, 졸고 있는 얼굴, 자고 있는 얼굴","smileys_people"
"health_exercise","건강과 운동","10","🛌","1F6CC","침대에 누운 사람","침대, 호텔, 침대에 누운 사람","smileys_people"
"health_exercise","건강과 운동","11","🎽","1F3BD","운동복 상의","운동복, 러닝 셔츠, 민소매 상의, 운동복 상의","activities"
"health_exercise","건강과 운동","12","👟","1F45F","스니커즈","신발, 운동화, 스니커즈","objects"
"health_exercise","건강과 운동","13","🎾","1F3BE","테니스 공","운동, 테니스, 스포츠, 테니스 공","activities"
"health_exercise","건강과 운동","14","🏀","1F3C0","스포츠","농구, 운동, 농구공, 스포츠","activities"
"health_exercise","건강과 운동","15","🥽","1F97D","안구 보호 장비","고글, 수영, 용접, 물안경, 수영 안경, 안구 보호 장비","objects"
"health_exercise","건강과 운동","16","💨","1F4A8","달려나감","슝, 후다닥, 달려나감","smileys_people"
"health_exercise","건강과 운동","17","🧟","1F9DF","워킹 데드","좀비, 언데드, 워킹 데드","smileys_people"
"health_exercise","건강과 운동","18","🩱","1FA71","원피스 수영복","수영복, 원피스 수영복","objects"
"health_exercise","건강과 운동","19","🩲","1FA72","삼각 수영복","수영복, 언더웨어, 삼각 수영복","objects"
"health_exercise","건강과 운동","20","🩺","1FA7A","심박수","의사, 청진기, 심박수","objects"
"health_exercise","건강과 운동","21","🏓","1F3D3","탁구채","탁구, 탁구공, 탁구채","activities"
"health_exercise","건강과 운동","22","⚽","26BD","축구공","공, 축구, 축구공","activities"
"health_exercise","건강과 운동","23","⚾","26BE","야구공","공, 야구, 야구공","activities"
"health_exercise","건강과 운동","24","🪜","1FA9C","사다리","계단, 단계, 상승, 사다리","objects"
"health_exercise","건강과 운동","25","🏈","1F3C8","미식축구공","운동, 스포츠, 미식축구, 미식축구공","activities"
"health_exercise","건강과 운동","26","🏉","1F3C9","스포츠","럭비, 운동, 럭비공, 스포츠","activities"
"health_exercise","건강과 운동","27","🏏","1F3CF","크리켓","공, 운동, 크리켓","activities"
"health_exercise","건강과 운동","28","🏌️","1F3CC-FE0F","골프치는 사람","공, 골프, 필드, 골프치는 사람","smileys_people"
"health_exercise","건강과 운동","29","🏥","1F3E5","메디컬","병원, 건물, 빌딩, 의사, 메디컬","travel_places"
"health_exercise","건강과 운동","30","🚵","1F6B5","산악 자전거 타는 사람","산악 자전거 주행, 산악 자전거 타는 사람","smileys_people"
"health_exercise","건강과 운동","31","🧢","1F9E2","야구모자","야구모자","objects"
"health_exercise","건강과 운동","32","😷","1F637","마스크 낀 얼굴","감기, 얼굴, 황사, 마스크, 마스크 낀 얼굴","smileys_people"
"health_exercise","건강과 운동","33","👙","1F459","수영복","비키니, 수영복","objects"
"health_exercise","건강과 운동","34","🛏️","1F6CF-FE0F","호텔","침대, 호텔","objects"
"health_exercise","건강과 운동","35","💤","1F4A4","자고 있음","졸림, 수면, 쿨쿨, 자고 있음","smileys_people"
"health_exercise","건강과 운동","36","💊","1F48A","알약","약, 알약","objects"
"health_exercise","건강과 운동","37","🩻","1FA7B","엑스레이","뼈, 의료, 의사, 해골, 엑스레이","objects"
"health_exercise","건강과 운동","38","🏅","1F3C5","스포츠 메달","경기, 메달, 스포츠, 스포츠 메달","activities"
"health_exercise","건강과 운동","39","🪥","1FAA5","깨끗한","솔, 이, 칫솔, 욕실, 위생, 깨끗한","objects"
"health_exercise","건강과 운동","40","🎈","1F388","파티","풍선, 축하, 파티","activities"
"health_exercise","건강과 운동","41","🎊","1F38A","박 터트리기","기념, 축하, 박 터트리기","activities"
"health_exercise","건강과 운동","42","🩳","1FA73","수영복","반바지, 수영복","objects"
"health_exercise","건강과 운동","43","🥎","1F94E","소프트볼","공, 야구공, 소프트볼","activities"
"health_exercise","건강과 운동","44","🏐","1F3D0","배구공","배구, 배구공","activities"
"health_exercise","건강과 운동","45","🎳","1F3B3","볼링 게임","볼링, 볼링공, 볼링핀, 볼링 게임","activities"
"health_exercise","건강과 운동","46","🏑","1F3D1","하키 스틱","필드 하키, 하키 스틱","activities"
"health_exercise","건강과 운동","47","🥍","1F94D","라크로스","골, 스틱, 그물채, 라크로스","activities"
"health_exercise","건강과 운동","48","🎱","1F3B1","당구 게임","당구, 당구공, 당구 게임","activities"
"health_exercise","건강과 운동","49","🔮","1F52E","수정 구슬","구슬, 수정, 예언, 운세, 수정 구슬","activities"
"health_exercise","건강과 운동","50","🧶","1F9F6","코바늘","니트, 실뭉치, 코바늘","activities"
"health_exercise","건강과 운동","51","🤸","1F938","옆돌기하는 사람","체조, 옆돌기, 풍차돌리기, 옆돌기하는 사람","smileys_people"
"health_exercise","건강과 운동","52","🚲","1F6B2","교통수단","자전거, 바이크, 교통수단","travel_places"
"health_exercise","건강과 운동","53","♥️","2665-FE0F","카드 게임","하트, 카드 게임","activities"
"health_exercise","건강과 운동","54","⚕️","2695-FE0F","의술의 신","의학, 의학 기호, 의술의 신","symbols"
"health_exercise","건강과 운동","55","🧗","1F9D7","클라이밍하는 사람","클라이밍, 클라이밍하는 사람","smileys_people"
"daily_life","생활과 돌봄","1","🏠","1F3E0","주택","집, 건물, 주택","travel_places"
"daily_life","생활과 돌봄","2","🧹","1F9F9","빗자루","마녀, 비질, 빗자루","objects"
"daily_life","생활과 돌봄","3","🧺","1F9FA","빨래바구니","바구니, 빨래바구니","objects"
"daily_life","생활과 돌봄","4","🚿","1F6BF","샤워","물, 샤워","objects"
"daily_life","생활과 돌봄","5","🛒","1F6D2","쇼핑카트","카트, 장보기, 쇼핑카트","objects"
"daily_life","생활과 돌봄","6","🐕","1F415","멍멍이","개, 동물, 강아지, 개새끼, 멍멍이","animals_nature"
"daily_life","생활과 돌봄","7","🐈","1F408","냐옹이 동물","괭이, 집사, 고양이, 야옹이, 냐옹이 동물","animals_nature"
"daily_life","생활과 돌봄","8","✅","2705","체크 표시","체크, 체크 표시","symbols"
"daily_life","생활과 돌봄","9","⏰","23F0","알람 시계","시계, 알람, 알람 시계","travel_places"
"daily_life","생활과 돌봄","10","🧼","1F9FC","비누 그릇","비누, 목욕, 클렌징, 비누 거품, 비누 그릇","objects"
"daily_life","생활과 돌봄","11","🧽","1F9FD","스펀지","청소, 흡수, 스펀지","objects"
"daily_life","생활과 돌봄","12","🛍️","1F6CD-FE0F","쇼핑가방","쇼핑백, 쇼핑가방","objects"
"daily_life","생활과 돌봄","13","🪴","1FAB4","키우다","집, 분재, 식물, 자라다, 지루한, 키우다","animals_nature"
"daily_life","생활과 돌봄","14","🏡","1F3E1","정원이 있는 주택","정원이 있는 집, 정원이 있는 주택","travel_places"
"daily_life","생활과 돌봄","15","🔪","1F52A","요리용 칼","식칼, 요리용 칼","food_drink"
"daily_life","생활과 돌봄","16","💰","1F4B0","돈주머니","돈가방, 주머니, 돈주머니","objects"
"daily_life","생활과 돌봄","17","🫧","1FAE7","물 속","거품, 비누, 청소, 트림, 물 속","objects"
"daily_life","생활과 돌봄","18","🐶","1F436","강아지 얼굴","개, 개띠, 동물, 강아지, 강아지 얼굴","animals_nature"
"daily_life","생활과 돌봄","19","🐱","1F431","고양이 얼굴","동물, 고양이, 고양이 얼굴","animals_nature"
"daily_life","생활과 돌봄","20","👪","1F46A","사람들","가족, 아빠, 아이, 엄마, 사람들","smileys_people"
"daily_life","생활과 돌봄","21","🍳","1F373","계란 프라이","요리, 프라이팬, 계란 프라이","food_drink"
"daily_life","생활과 돌봄","22","🍽️","1F37D-FE0F","포크와 나이프가 있는 접시","접시, 포크, 나이프, 포크와 나이프가 있는 접시","food_drink"
"daily_life","생활과 돌봄","23","🍴","1F374","포크와 나이프","식당, 포크, 나이프, 포크와 나이프","food_drink"
"daily_life","생활과 돌봄","24","🛖","1F6D6","유르트","집, 원실, 오두막, 유르트","travel_places"
"daily_life","생활과 돌봄","25","👜","1F45C","핸드백","백, 가방, 핸드백","objects"
"daily_life","생활과 돌봄","26","👝","1F45D","파우치","가방, 파우치","objects"
"daily_life","생활과 돌봄","27","🪙","1FA99","보물","금, 돈, 은, 동전, 금속, 보물","objects"
"daily_life","생활과 돌봄","28","💴","1F4B4","일본 화폐","엔, 엔화, 일본 돈, 일본 화폐","objects"
"daily_life","생활과 돌봄","29","💵","1F4B5","미국 화폐","달러, 달러화, 미국 돈, 미국 화폐","objects"
"daily_life","생활과 돌봄","30","💶","1F4B6","유럽 화폐","유로, 유로화, 유럽 돈, 유럽 화폐","objects"
"daily_life","생활과 돌봄","31","💷","1F4B7","영국 화폐","파운드, 영국 돈, 파운드화, 영국 화폐","objects"
"daily_life","생활과 돌봄","32","💸","1F4B8","날개 달린 돈","돈, 손해, 지폐, 돈 날림, 날아가는 돈, 날개 달린 돈","objects"
"daily_life","생활과 돌봄","33","💳","1F4B3","신용카드","카드, 신용카드","objects"
"daily_life","생활과 돌봄","34","🎺","1F3BA","트럼펫","악기, 연주, 음악, 트럼펫","objects"
"daily_life","생활과 돌봄","35","🪝","1FA9D","걸리게 하다","고리, 곡선, 갈고리, 팔리는, 걸리게 하다","objects"
"daily_life","생활과 돌봄","36","🧫","1F9EB","페트리 접시","미생물, 생물학, 실험실, 박테리아, 페트리 접시","objects"
"daily_life","생활과 돌봄","37","🪪","1FAAA","허가증","id, 보안, 신분증, 자격증, 허가증","objects"
"daily_life","생활과 돌봄","38","🛀","1F6C0","목욕하는 사람","욕조, 목욕하는 사람","smileys_people"
"daily_life","생활과 돌봄","39","👚","1F45A","블라우스","여성복, 블라우스","objects"
"daily_life","생활과 돌봄","40","🔍","1F50D","왼쪽으로 향한 돋보기","검색, 검색하기, 왼쪽으로 향한 돋보기","objects"
"daily_life","생활과 돌봄","41","🔎","1F50E","오른쪽으로 향한 돋보기","검색, 검색하기, 오른쪽으로 향한 돋보기","objects"
"daily_life","생활과 돌봄","42","🔦","1F526","손전등","전등, 손전등","objects"
"daily_life","생활과 돌봄","43","✂️","2702-FE0F","도구","가위, 기구, 도구","objects"
"daily_life","생활과 돌봄","44","🔨","1F528","해머","망치, 도구, 해머","objects"
"daily_life","생활과 돌봄","45","⛏️","26CF-FE0F","곡괭이","광산, 곡괭이","objects"
"food_drink","식사와 수분","1","💧","1F4A7","물방울","땀, 물방울","travel_places"
"food_drink","식사와 수분","2","🥛","1F95B","우유 한잔","밀크, 우유, 한잔, 글라스, 우유 한잔","food_drink"
"food_drink","식사와 수분","3","☕","2615","뜨거운 음료","차, 음료, 커피, 뜨거운 음료","food_drink"
"food_drink","식사와 수분","4","🫖","1FAD6","찻주전자","차, 냄비, 음료, 찻주전자","food_drink"
"food_drink","식사와 수분","5","🍎","1F34E","빨간 사과","과일, 빨간 사과","food_drink"
"food_drink","식사와 수분","6","🍌","1F34C","바나나","과일, 바나나","food_drink"
"food_drink","식사와 수분","7","🥗","1F957","야채샐러드","건강, 야채, 채소, 샐러드, 야채샐러드","food_drink"
"food_drink","식사와 수분","8","🍚","1F35A","밥공기","밥, 밥공기","food_drink"
"food_drink","식사와 수분","9","🍞","1F35E","식빵","빵, 식빵","food_drink"
"food_drink","식사와 수분","10","🥚","1F95A","식품","달걀, 계란, 식품","food_drink"
"food_drink","식사와 수분","11","🍵","1F375","찻집","차, 찻잔, 찻집","food_drink"
"food_drink","식사와 수분","12","🥕","1F955","채소","당근, 식품, 채소","food_drink"
"food_drink","식사와 수분","13","🥐","1F950","크루아상","빵, 식품, 프랑스, 크루아상","food_drink"
"food_drink","식사와 수분","14","🧋","1F9CB","버블티","차, 펄, 버블, 우유, 버블티","food_drink"
"food_drink","식사와 수분","15","🍉","1F349","과일","수박, 과일","food_drink"
"food_drink","식사와 수분","16","🥑","1F951","아보카드","과일, 식품, 열매, 아보카도, 아보카드","food_drink"
"food_drink","식사와 수분","17","🍅","1F345","토마토","채소, 토마토","food_drink"
"food_drink","식사와 수분","18","🥔","1F954","포테이토","감자, 식품, 채소, 포테이토","food_drink"
"food_drink","식사와 수분","19","🥒","1F952","피클","오이, 식품, 채소, 피클","food_drink"
"food_drink","식사와 수분","20","🥣","1F963","스푼과 사발","아침, 콘지, 시리얼, 스푼과 사발","food_drink"
"food_drink","식사와 수분","21","🧉","1F9C9","마테차","차, 음료, 마테차","food_drink"
"food_drink","식사와 수분","22","🍍","1F34D","파인애플","과일, 파인애플","food_drink"
"food_drink","식사와 수분","23","🍏","1F34F","파란 사과","과일, 초록 사과, 파란 사과","food_drink"
"food_drink","식사와 수분","24","🍆","1F346","채소","가지, 야채, 채소","food_drink"
"food_drink","식사와 수분","25","🍈","1F348","채소","멜론, 과일, 야채, 채소","food_drink"
"food_drink","식사와 수분","26","🚱","1F6B1","마실 수 없는 물","섭취 금지, 마시지 마시오, 마실 수 없는 물","symbols"
"food_drink","식사와 수분","27","🍼","1F37C","아기 젖병","젖병, 우유, 아기 젖병","food_drink"
"food_drink","식사와 수분","28","🥞","1F95E","핫케이크","식품, 크레페, 팬케이크, 핫케이크","food_drink"
"food_drink","식사와 수분","29","🥓","1F953","돼지고기","고기, 식품, 베이컨, 돼지고기","food_drink"
"food_drink","식사와 수분","30","🥜","1F95C","견과류","땅콩, 넛츠, 식품, 견과류","food_drink"
"food_drink","식사와 수분","31","🍜","1F35C","라면","면, 국수, 라면","food_drink"
"food_drink","식사와 수분","32","🍶","1F376","병과 술잔","술, 사케, 병과 술잔","food_drink"
"food_drink","식사와 수분","33","🥖","1F956","프랑스","빵, 식품, 바게트, 프랑스","food_drink"
"food_drink","식사와 수분","34","🥙","1F959","밀전병에 싼 요리","부리또, 밀전병에 싼 요리","food_drink"
"food_drink","식사와 수분","35","🥤","1F964","빨대와 컵","소다, 주스, 빨대와 컵","food_drink"
"nature_growth","자연과 성장","1","🌱","1F331","싹이 돋다","새싹, 싹이 돋다","animals_nature"
"nature_growth","자연과 성장","2","🌳","1F333","낙엽수","나무, 낙엽수","animals_nature"
"nature_growth","자연과 성장","3","🌿","1F33F","잎사귀","풀, 잎, 잎사귀","animals_nature"
"nature_growth","자연과 성장","4","🍃","1F343","바람에 흔들리는 나뭇잎","가을 낙엽, 바람에 떨어지는 잎, 바람에 흔들리는 나뭇잎","animals_nature"
"nature_growth","자연과 성장","5","🌻","1F33B","해바라기","꽃, 해바라기","animals_nature"
"nature_growth","자연과 성장","6","☀️","2600-FE0F","맑음","해, 태양, 더움, 맑음","travel_places"
"nature_growth","자연과 성장","7","🌙","1F319","초승달","달, 초승달","travel_places"
"nature_growth","자연과 성장","8","⭐","2B50","별","별","travel_places"
"nature_growth","자연과 성장","9","🌈","1F308","레인보우","무지개, 레인보우","travel_places"
"nature_growth","자연과 성장","10","⛰️","26F0-FE0F","산 정상","산, 산 정상","travel_places"
"nature_growth","자연과 성장","11","🌦️","1F326-FE0F","비구름 뒤의 태양","비, 해, 구름, 비구름 뒤의 태양","travel_places"
"nature_growth","자연과 성장","12","⛅","26C5","구름에 가린 해","해, 구름, 구름 뒤의 해, 구름에 가린 해","travel_places"
"nature_growth","자연과 성장","13","🌤️","1F324-FE0F","작은 구름 뒤의 태양","해, 구름, 흐림, 작은 구름 뒤의 태양","travel_places"
"nature_growth","자연과 성장","14","🌥️","1F325-FE0F","큰 구름 뒤의 태양","해, 구름, 흐림, 큰 구름 뒤의 태양","travel_places"
"nature_growth","자연과 성장","15","⛱️","26F1-FE0F","땅에 꽂힌 파라솔","우산, 파라솔, 해변가, 땅에 꽂힌 파라솔","travel_places"
"nature_growth","자연과 성장","16","🌄","1F304","산에서 떠오르는 해","산, 해, 아침 해, 해가 뜸, 산에 해가 뜸, 산에서 떠오르는 해","travel_places"
"nature_growth","자연과 성장","17","🌸","1F338","꽃송이","꽃, 벚꽃, 꽃송이","animals_nature"
"nature_growth","자연과 성장","18","🌼","1F33C","꽃송이","꽃, 꽃송이","animals_nature"
"nature_growth","자연과 성장","19","🌵","1F335","선인장","나무, 식물, 선인장","animals_nature"
"nature_growth","자연과 성장","20","⛈️","26C8-FE0F","번개가 치는 비구름","비, 구름, 번개, 번개가 치는 비구름","travel_places"
"nature_growth","자연과 성장","21","🌧️","1F327-FE0F","비구름","비, 구름, 비구름","travel_places"
"nature_growth","자연과 성장","22","🎋","1F38B","소원 쪽지 매달기","기원 쪽지, 소원 빌기, 소원 쪽지, 소원을 건 나무, 소원 쪽지 매달기","activities"
"nature_growth","자연과 성장","23","🌲","1F332","상록수","나무, 소나무, 상록수","animals_nature"
"nature_growth","자연과 성장","24","🌴","1F334","열대 나무","나무, 야자수, 열대 나무","animals_nature"
"nature_growth","자연과 성장","25","☘️","2618-FE0F","토끼풀","풀, 세잎, 토끼풀","animals_nature"
"nature_growth","자연과 성장","26","🏵️","1F3F5-FE0F","장미","꽃, 장미","animals_nature"
"nature_growth","자연과 성장","27","🍀","1F340","네잎클로버","행운, 클로버, 네잎클로버","animals_nature"
"nature_growth","자연과 성장","28","💐","1F490","꽃다발","꽃, 부케, 꽃다발","animals_nature"
"nature_growth","자연과 성장","29","💮","1F4AE","꽃 표시","꽃, 흰 꽃, 꽃 도장, 꽃 표시","animals_nature"
"nature_growth","자연과 성장","30","🪷","1FAB7","힌두교","꽃, 연꽃, 불교, 순수, 인도, 베트남, 힌두교","animals_nature"
"emotion_reward","감정과 격려","1","😊","1F60A","미소 짓는 눈으로 살짝 웃는 얼굴","미소, 얼굴, 눈웃음, 스마일, 웃는 얼굴, 미소 짓는 눈으로 살짝 웃는 얼굴","smileys_people"
"emotion_reward","감정과 격려","2","😄","1F604","미소 짓는 눈으로 활짝 웃는 얼굴","미소, 얼굴, 스마일, 입 벌리고 웃는 눈웃음 얼굴, 미소 짓는 눈으로 활짝 웃는 얼굴","smileys_people"
"emotion_reward","감정과 격려","3","👍","1F44D","올린 엄지","따봉, 최고, 좋아요, 올린 엄지","smileys_people"
"emotion_reward","감정과 격려","4","👏","1F44F","손뼉 치기","손뼉, 박수, 박수 치기, 손뼉 치기","smileys_people"
"emotion_reward","감정과 격려","5","🎉","1F389","축하 파티","파티, 축하 파티","activities"
"emotion_reward","감정과 격려","6","🏆","1F3C6","트로피","우승, 트로피","activities"
"emotion_reward","감정과 격려","7","🎁","1F381","선물 포장","선물, 축하, 선물 포장","activities"
"emotion_reward","감정과 격려","8","😆","1F606","눈 감고 웃는 얼굴","얼굴, 눈 감고 미소, 눈웃음짓는 얼굴, 입 벌리고 미소, 눈 감고 웃는 얼굴","smileys_people"
"emotion_reward","감정과 격려","9","😂","1F602","기쁨의 눈물을 흘리는 얼굴","기쁨, 눈물, 얼굴, 스마일, 기쁨의 눈물을 흘리는 얼굴","smileys_people"
"emotion_reward","감정과 격려","10","🥳","1F973","파티하는 얼굴","나팔, 축하, 파티, 고깔모자, 파티하는 얼굴","smileys_people"
"emotion_reward","감정과 격려","11","💗","1F497","깊어지는 사랑","사랑, 커지는 하트, 커지는 마음, 깊어지는 마음, 깊어지는 사랑","smileys_people"
"emotion_reward","감정과 격려","12","🪅","1FA85","피냐타","축하, 파티, 피냐타","activities"
"emotion_reward","감정과 격려","13","🎆","1F386","불꽃 축제","축하, 불꽃놀이, 불꽃 축제","activities"
"emotion_reward","감정과 격려","14","🎇","1F387","불꽃 축제","불꽃, 축하, 폭죽, 불꽃 축제","activities"
"emotion_reward","감정과 격려","15","🎖️","1F396-FE0F","무공 훈장","메달, 훈장, 무공 훈장","activities"
"emotion_reward","감정과 격려","16","😁","1F601","미소 짓는 눈으로 웃는 얼굴","미소, 얼굴, 눈웃음, 스마일, 미소 짓는 눈으로 웃는 얼굴","smileys_people"
"emotion_reward","감정과 격려","17","☺️","263A-FE0F","웃음 짓는 얼굴","미소, 웃음, 스마일, 웃는 얼굴, 웃음 짓는 얼굴","smileys_people"
"emotion_reward","감정과 격려","18","😹","1F639","기쁨의 눈물을 흘리는 고양이 얼굴","고양이, 기쁨의 눈물, 기뻐하면서 우는 고양이, 기쁨의 눈물을 흘리는 고양이 얼굴","smileys_people"
"emotion_reward","감정과 격려","19","😼","1F63C","고소하다는 웃음 짓는 고양이","쌤통, 고양이, 썩소 짓는 고양이, 고소하다는 웃음 짓는 고양이","smileys_people"
"emotion_reward","감정과 격려","20","🤣","1F923","바닥을 구르며 웃는 얼굴","바닥, 웃음, 구르기, 데굴데굴, 바닥을 구르며 웃는 얼굴","smileys_people"
"emotion_reward","감정과 격려","21","💘","1F498","화살이 꽂힌 하트","사랑, 큐피드, 화살이 꽂힌 하트","smileys_people"
"emotion_reward","감정과 격려","22","💝","1F49D","발렌타인 초콜렛 상자","리본, 사랑, 하트, 선물 상자, 리본 달린 하트, 발렌타인 초콜렛 상자","smileys_people"
"emotion_reward","감정과 격려","23","💓","1F493","두근거리는 마음","사랑, 두근두근, 떨리는 마음, 두근거리는 하트, 두근거리는 마음","smileys_people"
"emotion_reward","감정과 격려","24","💞","1F49E","빙글빙글 하트","사랑, 하트, 귀여움, 사랑스러움, 회전하는 하트, 빙글빙글 하트","smileys_people"
"emotion_reward","감정과 격려","25","💚","1F49A","초록색 하트","사랑, 하트, 녹색 하트, 초록색 하트","smileys_people"
"emotion_reward","감정과 격려","26","💙","1F499","파란색 하트","사랑, 하트, 파란 하트, 파란색 하트","smileys_people"
"emotion_reward","감정과 격려","27","💜","1F49C","보라색 하트","사랑, 하트, 보라색 하트","smileys_people"
"emotion_reward","감정과 격려","28","🤟","1F91F","사랑을 표시하는 손","사랑해, 사랑 제스처, 사랑을 표시하는 손","smileys_people"
"emotion_reward","감정과 격려","29","🫂","1FAC2","포옹하는 사람","안녕, 포옹, 고마워, 잘 가, 포옹하는 사람","smileys_people"
"emotion_reward","감정과 격려","30","🎐","1F390","풍경","종, 풍경","activities"
"emotion_reward","감정과 격려","31","🎑","1F391","달맞이 행사","달, 달맞이, 벼이삭, 달맞이 행사","activities"
"emotion_reward","감정과 격려","32","🎍","1F38D","일본 장식","장식, 축하, 일본 장식","activities"
"emotion_reward","감정과 격려","33","🎀","1F380","축하","리본, 축하","activities"
"emotion_reward","감정과 격려","34","🥇","1F947","금메달","골드, 메달, 일등, 금메달","activities"
"emotion_reward","감정과 격려","35","🥈","1F948","은메달","메달, 실버, 이등, 은메달","activities"
"time_places","시간과 이동","1","⌚","231A","손목 시계","시계, 손목 시계","travel_places"
"time_places","시간과 이동","2","🌅","1F305","해가 뜸","해, 일출, 아침 해, 해가 뜸","travel_places"
"time_places","시간과 이동","3","🌇","1F307","도시에 해가 짐","일몰, 해질녘, 해가 짐, 도시에 해가 짐","travel_places"
"time_places","시간과 이동","4","🗺️","1F5FA-FE0F","세계 지도","세계, 지도, 세계 지도","travel_places"
"time_places","시간과 이동","5","📍","1F4CD","둥근 머리 압정","핀, 압정, 둥근 머리 핀, 둥근 머리 압정","objects"
"time_places","시간과 이동","6","🚗","1F697","승용차","차량, 자동차, 승용차","travel_places"
"time_places","시간과 이동","7","🚆","1F686","철도","기차, 철도","travel_places"
"time_places","시간과 이동","8","⏲️","23F2-FE0F","타이머 시계","시계, 타이머, 타이머 시계","travel_places"
"time_places","시간과 이동","9","⌛","231B","시간이 다 된 모래시계","모래, 타이머, 시간이 다 된 모래시계","travel_places"
"time_places","시간과 이동","10","⏳","23F3","시간이 남은 모래시계","타이머, 시간이 남은 모래시계","travel_places"
"time_places","시간과 이동","11","🚋","1F68B","전차 차량","트램 차량, 전차 차량","travel_places"
"time_places","시간과 이동","12","⏱️","23F1-FE0F","스톱워치","시계, 스톱워치","travel_places"
"time_places","시간과 이동","13","🕰️","1F570-FE0F","벽난로 선반 시계","시계, 벽난로, 벽난로 선반 시계","travel_places"
"time_places","시간과 이동","14","🕧","1F567","12시 30분","시계, 12:30, 열두 시 반, 12시 30분","travel_places"
"time_places","시간과 이동","15","🕠","1F560","5시 30분","시계, 5:30, 다섯 시 반, 5시 30분","travel_places"
"time_places","시간과 이동","16","🕡","1F561","6시 30분","시계, 6:30, 여섯 시 반, 6시 30분","travel_places"
"time_places","시간과 이동","17","🕢","1F562","7시 30분","시계, 7:30, 일곱 시 반, 7시 30분","travel_places"
"time_places","시간과 이동","18","🕣","1F563","8시 30분","시계, 8:30, 여덟 시 반, 8시 30분","travel_places"
"time_places","시간과 이동","19","🕤","1F564","9시 30분","시계, 9:30, 아홉 시 반, 9시 30분","travel_places"
"time_places","시간과 이동","20","🕥","1F565","10시 30분","시계, 열 시 반, 10:30, 10시 30분","travel_places"
"time_places","시간과 이동","21","🕦","1F566","11시 30분","시계, 11:30, 열한 시 반, 11시 30분","travel_places"
"time_places","시간과 이동","22","🌃","1F303","밤하늘 별","야경, 밤하늘 별","travel_places"
"time_places","시간과 이동","23","🌉","1F309","밤하늘을 배경으로 하는 다리","밤, 다리, 달과 다리, 밤의 다리, 별과 다리, 밤하늘을 배경으로 하는 다리","travel_places"
"time_places","시간과 이동","24","🗾","1F5FE","일본 지도","일본, 지도, 일본 지도","travel_places"
"time_places","시간과 이동","25","🚘","1F698","오고 있는 승용차","오고 있는 자동차, 오고 있는 승용차","travel_places"